<?xml version="1.0" encoding="UTF-8"?>
<!--炫彩界面库-布局面板文件-->
<head />
<layoutPanel heightT="650" showT="true" widthT="900">
	<layoutEleUI expandT="true" layout.height="fill" layout.horizon="false" layout.space="5" layout.width="fill" padding="20,0,10,0" rect="63,66,996,651" showT="true">
		<shapeText content="媒体库" expandT="true" font="@Resource:\微软雅黑12常规" layout.width="auto" rect="45,30,100,20" showT="true" />
		<layoutEleUI expandT="true" layout.height="160" layout.horizon="true" layout.margin="0,10,0,0" layout.space="20" layout.width=":1" rect="218,77,100,100" showT="true">
			<editUI expandT="true" layout.height="fill" layout.width=":1" name="设置窗口_媒体库_路径编辑框" rect="16,13,100,20" showT="true" />
			<layoutEleUI expandT="true" layout.height="fill" layout.spaceRow="10" layout.width="100" rect="561,98,100,100" showT="true">
				<buttonUI content="添加" expandT="true" layout.height="30" layout.width="80" name="设置窗口_媒体库_添加按钮" rect="18,14,60,25" showT="true" />
				<buttonUI content="删除" expandT="true" layout.height="30" layout.width="80" name="设置窗口_媒体库_删除按钮" rect="-916,80,60,25" showT="true" />
				<buttonUI content="清空" expandT="true" layout.height="30" layout.width="80" name="设置窗口_媒体库_清空按钮" rect="-916,80,60,25" showT="true" />
			</layoutEleUI>
		</layoutEleUI>
	</layoutEleUI>
</layoutPanel>
